﻿{
   "CodeGenerationMode": 0,
   "ContextClassName": "OnboardingContext",
   "ContextNamespace": null,
   "DefaultDacpacSchema": null,
   "FilterSchemas": false,
   "IncludeConnectionString": false,
   "ModelNamespace": null,
   "OutputContextPath": "Context",
   "OutputPath": "Entities",
   "ProjectRootNamespace": "es.efor.OnBoarding.Data",
   "Schemas": null,
   "SelectedHandlebarsLanguage": 0,
   "SelectedToBeGenerated": 0,
   "Tables": [
      {
         "Name": "[dbo].[Roles]",
         "ObjectType": 0
      },
      {
         "Name": "[dbo].[Usuarios]",
         "ObjectType": 0
      }
   ],
   "UiHint": "SQL2019.OnBoarding",
   "UseBoolPropertiesWithoutDefaultSql": false,
   "UseDatabaseNames": false,
   "UseDbContextSplitting": false,
   "UseFluentApiOnly": false,
   "UseHandleBars": false,
   "UseInflector": false,
   "UseLegacyPluralizer": false,
   "UseNoConstructor": false,
   "UseNoNavigations": false,
   "UseNoObjectFilter": false,
   "UseNodaTime": false,
   "UseNullableReferences": false,
   "UseSpatial": false
}